symbol,formula,volume_limit,contract_size,type
EURUSD,lots,5,100000,Forex
GBPUSD,lots,5,100000,Forex
EURJPY,lots,5,100000,Forex
USDJPY,lots,5,100000,Forex
AUDUSD,lots,5,100000,Forex
USDCHF,lots,5,100000,Forex
GBPJPY,lots,5,100000,Forex
USDCAD,lots,5,100000,Forex
EURGBP,lots,5,100000,Forex
EURCHF,lots,5,100000,Forex
AUDJPY,lots,5,100000,Forex
NZDUSD,lots,5,100000,Forex
CHFJPY,lots,5,100000,Forex
EURAUD,lots,5,100000,Forex
CADJPY,lots,5,100000,Forex
GBPAUD,lots,5,100000,Forex
EURCAD,lots,5,100000,Forex
AUDCAD,lots,5,100000,Forex
GBPCAD,lots,5,100000,Forex
AUDNZD,lots,5,100000,Forex
NZDJPY,lots,5,100000,Forex
USDNOK,lots,5,100000,Forex
AUDCHF,lots,5,100000,Forex
USDMXN,lots,5,100000,Forex
GBPNZD,lots,5,100000,Forex
EURNZD,lots,5,100000,Forex
CADCHF,lots,5,100000,Forex
USDSGD,lots,5,100000,Forex
USDSEK,lots,5,100000,Forex
NZDCAD,lots,5,100000,Forex
GBPSGD,lots,5,100000,Forex
USDPLN,lots,5,100000,Forex
USDDKK,lots,5,100000,Forex
GBPNOK,lots,5,100000,Forex
NZDCHF,lots,5,100000,Forex
GBPCHF,lots,5,100000,Forex
XAUUSD,lots,3,100,Metals
XAGUSD,lots,3,5000,Metals
USDTRY,lots,5,100000,Forex
EURTRY,lots,5,100000,Forex
EURHKD,lots,5,100000,Forex
EURZAR,lots,5,100000,Forex
USDHKD,lots,5,100000,Forex
USDZAR,lots,5,100000,Forex
EURMXN,lots,5,100000,Forex
EURPLN,lots,5,100000,Forex
GBPZAR,lots,5,100000,Forex
NZDSGD,lots,5,100000,Forex
USDHUF,lots,5,100000,Forex
USDCZK,lots,5,100000,Forex
USDRUB,lots,5,100000,Forex
USDCNH,lots,5,100000,Forex
GBPSEK,lots,5,100000,Forex
EURSGD,lots,5,100000,Forex
GBPDKK,lots,5,100000,Forex
GBPTRY,lots,5,100000,Forex
XAUEUR,lots,3,100,Metals
XPDUSD,lots,3,100,Metals
XPTUSD,lots,3,50,Metals
USCRUDE,lots,10,10,Energy
UKBRENT,lots,10,10,Energy
BTCUSD,lots,5,1,Cryptocurrencies
ETHUSD,lots,5,1,Cryptocurrencies
XNGUSD,lots,1,10000,Energy
#AHT,lots,5,1,CFD_EU
#AIR,lots,5,1,CFD_EU
#ALV,lots,5,1,CFD_EU
#ASML,lots,5,1,CFD_EU
#ADS,lots,5,1,CFD_EU
#BAES,lots,5,1,CFD_EU
#BARC,lots,5,1,CFD_EU
#BATS,lots,5,1,CFD_EU
#BAYN,lots,5,1,CFD_EU
#BLND,lots,5,1,CFD_EU
#BRBY,lots,5,1,CFD_EU
#BMW,lots,5,1,CFD_EU
#BT,lots,5,1,CFD_EU
#CON,lots,5,1,CFD_EU
#HIK,lots,5,1,CFD_EU
#HSBA,lots,5,1,CFD_EU
#III,lots,5,1,CFD_EU
#IMB,lots,5,1,CFD_EU
#ITRK,lots,5,1,CFD_EU
#LRLCY,lots,5,1,CFD_EU
#MC,lots,5,1,CFD_EU
#NWG,lots,5,1,CFD_EU
#PSON,lots,5,1,CFD_EU
#RNO,lots,5,1,CFD_EU
#SIE,lots,5,1,CFD_EU
#UNA,lots,5,1,CFD_EU
#MBG,lots,5,1,CFD_EU
#TTE,lots,5,1,CFD_EU
#BNP,lots,5,1,CFD_EU
#PAH3,lots,5,1,CFD_EU
#VOD,lots,5,1,CFD_EU
#VOW,lots,5,1,CFD_EU
#KER,lots,5,1,CFD_EU
#UU,lots,5,1,CFD_EU
#TSCO,lots,5,1,CFD_EU
#AAPL,lots,5,1,CFD_US
#AGNC,lots,5,1,CFD_US
#TRIP,lots,5,1,CFD_US
#BKNG,lots,5,1,CFD_US
#EXPE,lots,5,1,CFD_US
#LCID,lots,5,1,CFD_US
#POOL,lots,5,1,CFD_US
#AMGN,lots,5,1,CFD_US
#AMZN,lots,5,1,CFD_US
#CSCO,lots,5,1,CFD_US
#DBX,lots,5,1,CFD_US
#DOCU,lots,5,1,CFD_US
#EBAY,lots,5,1,CFD_US
#GILD,lots,5,1,CFD_US
#GOOG,lots,5,1,CFD_US
#INO,lots,5,1,CFD_US
#INTC,lots,5,1,CFD_US
#LRCX,lots,5,1,CFD_US
#MRNA,lots,5,1,CFD_US
#MSFT,lots,5,1,CFD_US
#NFLX,lots,5,1,CFD_US
#NVDA,lots,5,1,CFD_US
#OKTA,lots,5,1,CFD_US
#PEP,lots,5,1,CFD_US
#PYPL,lots,5,1,CFD_US
#SBUX,lots,5,1,CFD_US
#TSLA,lots,5,1,CFD_US
#ZM,lots,5,1,CFD_US
#META,lots,5,1,CFD_US
#PDD,lots,5,1,CFD_US
#ADP,lots,5,1,CFD_US
#AVGO,lots,5,1,CFD_US
#MDLZ,lots,5,1,CFD_US
#QCOM,lots,5,1,CFD_US
#COIN,lots,5,1,CFD_US
#AMD,lots,5,1,CFD_US
FDAX,lots,5,1,Indices
FTSE,lots,5,1,Indices
CAC,lots,5,1,Indices
HK50,lots,5,1,Indices
NI225,lots,5,1,Indices
NQ,lots,5,1,Indices
SPX,lots,5,1,Indices
YM,lots,5,1,Indices
SX5E,lots,5,1,Indices
ASX200,lots,5,1,Indices
IBEX35,lots,5,1,Indices
AAVUSD,lots,5,10,Cryptocurrencies
ALGUSD,lots,5,10000,Cryptocurrencies
ALIUSD,lots,5,100,Cryptocurrencies
ADAUSD,lots,5,10000,Cryptocurrencies
AXSUSD,lots,5,100,Cryptocurrencies
ATOUSD,lots,5,100,Cryptocurrencies
AVXUSD,lots,5,100,Cryptocurrencies
BCHUSD,lots,5,10,Cryptocurrencies
BNBUSD,lots,5,100,Cryptocurrencies
DGEUSD,lots,5,10000,Cryptocurrencies
DOTUSD,lots,5,100,Cryptocurrencies
DSHUSD,lots,5,10,Cryptocurrencies
ENJUSD,lots,5,1000,Cryptocurrencies
EOSUSD,lots,5,1000,TMP
ETHBTC,lots,5,1,Cryptocurrencies
FILUSD,lots,5,100,Cryptocurrencies
ICPUSD,lots,5,100,Cryptocurrencies
ILVUSD,lots,5,10,TMP
ITAUSD,lots,5,10000,TMP
KAVUSD,lots,5,1000,Cryptocurrencies
LNKUSD,lots,5,100,Cryptocurrencies
LTCUSD,lots,5,100,Cryptocurrencies
LTCBTC,lots,5,100,Cryptocurrencies
MKRUSD,lots,5,1,TMP
MNAUSD,lots,5,10000,Cryptocurrencies
NEAUSD,lots,5,1000,Cryptocurrencies
NEOUSD,lots,5,100,Cryptocurrencies
OMGUSD,lots,5,1000,TMP
QTMUSD,lots,5,1000,Cryptocurrencies
SIAUSD,lots,5,100000,TMP
SNDUSD,lots,5,10000,Cryptocurrencies
SOLUSD,lots,5,100,Cryptocurrencies
STXUSD,lots,5,1000,Cryptocurrencies
THTUSD,lots,5,1000,Cryptocurrencies
TRXUSD,lots,5,10000,Cryptocurrencies
UNIUSD,lots,5,100,Cryptocurrencies
VETUSD,lots,5,100000,Cryptocurrencies
XLMUSD,lots,5,10000,Cryptocurrencies
XMRUSD,lots,5,100,TMP
XMRBTC,lots,5,100,TMP
XRPUSD,lots,5,10000,Cryptocurrencies
XTZUSD,lots,5,1000,Cryptocurrencies
YFIUSD,lots,5,1,Cryptocurrencies
COMUSD,lots,5,10,Cryptocurrencies
YGGUSD,lots,5,1000,Cryptocurrencies
ZECUSD,lots,5,10,Cryptocurrencies
ZECBTC,lots,5,100,Cryptocurrencies
ZILUSD,lots,5,10000,Cryptocurrencies
WAVUSD,lots,5,100,TMP
ANTUSD,lots,5,1000,TMP
MSKUSD,lots,5,1000,Cryptocurrencies
ALPUSD,lots,5,10000,Cryptocurrencies
CHZUSD,lots,5,10000,Cryptocurrencies
GLMUSD,lots,5,10000,TMP
NULUSD,lots,5,10000,TMP
STRUSD,lots,5,10000,Cryptocurrencies
TLMUSD,lots,5,100000,TMP
DATUSD,lots,5,100000,TMP
DGBUSD,lots,5,100000,TMP
REFUSD,lots,5,1000000,TMP
SUNUSD,lots,5,100000,TMP
#MLM,lots,5,1,CFD_US
#AA,lots,5,1,CFD_US
#CVX,lots,5,1,CFD_US
#VMC,lots,5,1,CFD_US
#NSC,lots,5,1,CFD_US
#ADM,lots,5,1,CFD_US
#STZ,lots,5,1,CFD_US
#TAP,lots,5,1,CFD_US
#MS,lots,5,1,CFD_US
#RNG,lots,5,1,CFD_US
#KODK,lots,5,1,CFD_US
#AMWL,lots,5,1,TMP
#BB,lots,5,1,CFD_US
#COTY,lots,5,1,CFD_US
#EDU,lots,5,1,CFD_US
#FIS,lots,5,1,CFD_US
#GPN,lots,5,1,CFD_US
#KMI,lots,5,1,CFD_US
#TME,lots,5,1,CFD_US
#FTI,lots,5,1,CFD_US
#ABT,lots,5,1,CFD_US
#BA,lots,5,1,CFD_US
#OXY,lots,5,1,CFD_US
#SLB,lots,5,1,CFD_US
#AXP,lots,5,1,CFD_US
#BABA,lots,5,1,CFD_US
#BAC,lots,5,1,CFD_US
#CAT,lots,5,1,CFD_US
#CL,lots,5,1,CFD_US
#DIS,lots,5,1,CFD_US
#F,lots,5,1,CFD_US
#GD,lots,5,1,CFD_US
#GE,lots,5,1,CFD_US
#HD,lots,5,1,CFD_US
#HPQ,lots,5,1,CFD_US
#IBM,lots,5,1,CFD_US
#JNJ,lots,5,1,CFD_US
#JPM,lots,5,1,CFD_US
#KO,lots,5,1,CFD_US
#LMT,lots,5,1,CFD_US
#MA,lots,5,1,CFD_US
#MCD,lots,5,1,CFD_US
#MMM,lots,5,1,CFD_US
#MO,lots,5,1,CFD_US
#NIKE,lots,5,1,CFD_US
#PANW,lots,5,1,CFD_US
#DVN,lots,5,1,CFD_US
#PFE,lots,5,1,CFD_US
#PG,lots,5,1,CFD_US
#PM,lots,5,1,CFD_US
#SNOW,lots,5,1,CFD_US
#T,lots,5,1,CFD_US
#TOT,lots,5,1,CFD_US
#V,lots,5,1,CFD_US
#VZ,lots,5,1,CFD_US
#WMT,lots,5,1,CFD_US
#XOM,lots,5,1,CFD_US
#RTX,lots,5,1,CFD_US
#C,lots,5,1,CFD_US
#SQ,lots,5,1,TMP
#CLX,lots,5,1,CFD_US
#NIO,lots,5,1,CFD_US
#ABBV,lots,5,1,CFD_US
USDKRW,lots,5,100000,Forex
COCOA,lots,5,1,Agriculture
COFFEE,lots,5,10,Agriculture
CORN,lots,5,4,Agriculture
SOYBEAN,lots,5,4,Agriculture
WHEAT,lots,5,4,Agriculture
USDILS,lots,5,100000,Forex
GBPUSD_k,lots,5,100000,Forex
EURUSD_k,lots,5,100000,Forex
EURJPY_k,lots,5,100000,Forex
USDJPY_k,lots,5,100000,Forex
AUDUSD_k,lots,5,100000,Forex
USDCHF_k,lots,5,100000,Forex
NZDUSD_k,lots,5,100000,Forex
USDCAD_k,lots,5,100000,Forex
EURGBP_k,lots,5,100000,Forex
EURCHF_k,lots,5,100000,Forex
AUDJPY_k,lots,5,100000,Forex
CHFJPY_k,lots,5,100000,Forex
EURAUD_k,lots,5,100000,Forex
CADJPY_k,lots,5,100000,Forex
GBPAUD_k,lots,5,100000,Forex
EURCAD_k,lots,5,100000,Forex
AUDCAD_k,lots,5,100000,Forex
GBPCAD_k,lots,5,100000,Forex
AUDNZD_k,lots,5,100000,Forex
NZDJPY_k,lots,5,100000,Forex
GBPNZD_k,lots,5,100000,Forex
EURNZD_k,lots,5,100000,Forex
CADCHF_k,lots,5,100000,Forex
NZDCAD_k,lots,5,100000,Forex
GBPJPY_k,lots,5,100000,Forex
AUDCHF_k,lots,5,100000,Forex
NZDCHF_k,lots,5,100000,Forex
GBPCHF_k,lots,5,100000,Forex
USDILS_cl,lots,5,100000,Forex
USDKRW_cl,lots,5,100000,Forex
GBPTRY_cl,lots,5,100000,Forex
GBPDKK_cl,lots,5,100000,Forex
EURSGD_cl,lots,5,100000,Forex
GBPSEK_cl,lots,5,100000,Forex
USDCNH_cl,lots,5,100000,Forex
USDRUB_cl,lots,5,100000,Forex
USDCZK_cl,lots,5,100000,Forex
USDHUF_cl,lots,5,100000,Forex
NZDSGD_cl,lots,5,100000,Forex
GBPZAR_cl,lots,5,100000,Forex
EURPLN_cl,lots,5,100000,Forex
EURMXN_cl,lots,5,100000,Forex
USDZAR_cl,lots,5,100000,Forex
USDHKD_cl,lots,5,100000,Forex
EURZAR_cl,lots,5,100000,Forex
EURHKD_cl,lots,5,100000,Forex
EURTRY_cl,lots,5,100000,Forex
USDTRY_cl,lots,5,100000,Forex
GBPNOK_cl,lots,5,100000,Forex
USDDKK_cl,lots,5,100000,Forex
USDPLN_cl,lots,5,100000,Forex
GBPSGD_cl,lots,5,100000,Forex
USDSEK_cl,lots,5,100000,Forex
USDSGD_cl,lots,5,100000,Forex
USDMXN_cl,lots,5,100000,Forex
USDNOK_cl,lots,5,100000,Forex
FDAX_k,lots,5,1,Indices
FTSE_k,lots,5,1,Indices
CAC_k,lots,5,1,Indices
HK50_k,lots,5,1,Indices
NI225_k,lots,5,1,Indices
NQ_k,lots,5,1,Indices
SPX_k,lots,5,1,Indices
YM_k,lots,5,1,Indices
SX5E_k,lots,5,1,Indices
ASX200_k,lots,5,1,Indices
IBEX35_k,lots,5,1,Indices
XAUUSD_k,lots,3,100,Metals
XNGUSD_k,lots,1,10000,Energy
UKBRENT_cl,lots,10,10,Energy
USCRUDE_cl,lots,10,10,Energy
XAGUSD_cl,lots,3,5000,Metals
XAUEUR_cl,lots,3,100,Metals
XAUUSD_cl,lots,3,100,Metals
XPDUSD_cl,lots,3,100,Metals
XPTUSD_cl,lots,3,50,Metals
XNGUSD_cl,lots,1,10000,Energy
FDAX_cl,lots,5,1,Indices
FTSE_cl,lots,5,1,Indices
CAC_cl,lots,5,1,Indices
HK50_cl,lots,5,1,Indices
NI225_cl,lots,5,1,Indices
NQ_cl,lots,5,1,Indices
SPX_cl,lots,5,1,Indices
YM_cl,lots,5,1,Indices
SX5E_cl,lots,5,1,Indices
ASX200_cl,lots,5,1,Indices
IBEX35_cl,lots,5,1,Indices
EURUSD_cl,lots,5,100000,Forex
GBPUSD_cl,lots,5,100000,Forex
EURJPY_cl,lots,5,100000,Forex
USDJPY_cl,lots,5,100000,Forex
AUDUSD_cl,lots,5,100000,Forex
USDCHF_cl,lots,5,100000,Forex
GBPJPY_cl,lots,5,100000,Forex
USDCAD_cl,lots,5,100000,Forex
EURGBP_cl,lots,5,100000,Forex
EURCHF_cl,lots,5,100000,Forex
AUDJPY_cl,lots,5,100000,Forex
NZDUSD_cl,lots,5,100000,Forex
CHFJPY_cl,lots,5,100000,Forex
EURAUD_cl,lots,5,100000,Forex
CADJPY_cl,lots,5,100000,Forex
GBPAUD_cl,lots,5,100000,Forex
EURCAD_cl,lots,5,100000,Forex
AUDCAD_cl,lots,5,100000,Forex
GBPCAD_cl,lots,5,100000,Forex
AUDNZD_cl,lots,5,100000,Forex
NZDJPY_cl,lots,5,100000,Forex
AUDCHF_cl,lots,5,100000,Forex
GBPNZD_cl,lots,5,100000,Forex
EURNZD_cl,lots,5,100000,Forex
CADCHF_cl,lots,5,100000,Forex
NZDCAD_cl,lots,5,100000,Forex
NZDCHF_cl,lots,5,100000,Forex
GBPCHF_cl,lots,5,100000,Forex
#AHT_cl,lots,5,1,CFD_EU
#AIR_cl,lots,5,1,CFD_EU
#ALV_cl,lots,5,1,CFD_EU
#ASML_cl,lots,5,1,CFD_EU
#ADS_cl,lots,5,1,CFD_EU
#BAES_cl,lots,5,1,CFD_EU
#BARC_cl,lots,5,1,CFD_EU
#BATS_cl,lots,5,1,CFD_EU
#BAYN_cl,lots,5,1,CFD_EU
#BLND_cl,lots,5,1,CFD_EU
#BRBY_cl,lots,5,1,CFD_EU
#BMW_cl,lots,5,1,CFD_EU
#BT_cl,lots,5,1,CFD_EU
#CON_cl,lots,5,1,CFD_EU
#HIK_cl,lots,5,1,CFD_EU
#HSBA_cl,lots,5,1,CFD_EU
#III_cl,lots,5,1,CFD_EU
#IMB_cl,lots,5,1,CFD_EU
#ITRK_cl,lots,5,1,CFD_EU
#LRLCY_cl,lots,5,1,CFD_EU
#MC_cl,lots,5,1,CFD_EU
#NWG_cl,lots,5,1,CFD_EU
#PSON_cl,lots,5,1,CFD_EU
#RNO_cl,lots,5,1,CFD_EU
#SIE_cl,lots,5,1,CFD_EU
#UNA_cl,lots,5,1,CFD_EU
#MBG_cl,lots,5,1,CFD_EU
#TTE_cl,lots,5,1,CFD_EU
#BNP_cl,lots,5,1,CFD_EU
#PAH3_cl,lots,5,1,CFD_EU
#VOD_cl,lots,5,1,CFD_EU
#VOW_cl,lots,5,1,CFD_EU
#KER_cl,lots,5,1,CFD_EU
#UU_cl,lots,5,1,CFD_EU
#TSCO_cl,lots,5,1,CFD_EU
#AAPL_cl,lots,5,1,CFD_US
#AGNC_cl,lots,5,1,CFD_US
#TRIP_cl,lots,5,1,CFD_US
#BKNG_cl,lots,5,1,CFD_US
#EXPE_cl,lots,5,1,CFD_US
#LCID_cl,lots,5,1,CFD_US
#POOL_cl,lots,5,1,CFD_US
#AMGN_cl,lots,5,1,CFD_US
#AMZN_cl,lots,5,1,CFD_US
#CSCO_cl,lots,5,1,CFD_US
#DBX_cl,lots,5,1,CFD_US
#DOCU_cl,lots,5,1,CFD_US
#EBAY_cl,lots,5,1,CFD_US
#GILD_cl,lots,5,1,CFD_US
#GOOG_cl,lots,5,1,CFD_US
#INO_cl,lots,5,1,CFD_US
#INTC_cl,lots,5,1,CFD_US
#LRCX_cl,lots,5,1,CFD_US
#MRNA_cl,lots,5,1,CFD_US
#MSFT_cl,lots,5,1,CFD_US
#NFLX_cl,lots,5,1,CFD_US
#NVDA_cl,lots,5,1,CFD_US
#OKTA_cl,lots,5,1,CFD_US
#PEP_cl,lots,5,1,CFD_US
#PYPL_cl,lots,5,1,CFD_US
#SBUX_cl,lots,5,1,CFD_US
#TSLA_cl,lots,5,1,CFD_US
#ZM_cl,lots,5,1,CFD_US
#META_cl,lots,5,1,CFD_US
#PDD_cl,lots,5,1,CFD_US
#ADP_cl,lots,5,1,CFD_US
#AVGO_cl,lots,5,1,CFD_US
#MDLZ_cl,lots,5,1,CFD_US
#QCOM_cl,lots,5,1,CFD_US
#COIN_cl,lots,5,1,CFD_US
#AMD_cl,lots,5,1,CFD_US
#MLM_cl,lots,5,1,CFD_US
#AA_cl,lots,5,1,CFD_US
#CVX_cl,lots,5,1,CFD_US
#VMC_cl,lots,5,1,CFD_US
#NSC_cl,lots,5,1,CFD_US
#ADM_cl,lots,5,1,CFD_US
#STZ_cl,lots,5,1,CFD_US
#TAP_cl,lots,5,1,CFD_US
#MS_cl,lots,5,1,CFD_US
#RNG_cl,lots,5,1,CFD_US
#KODK_cl,lots,5,1,CFD_US
#AMWL_cl,lots,5,1,TMP
#BB_cl,lots,5,1,CFD_US
#COTY_cl,lots,5,1,CFD_US
#EDU_cl,lots,5,1,CFD_US
#FIS_cl,lots,5,1,CFD_US
#GPN_cl,lots,5,1,CFD_US
#KMI_cl,lots,5,1,CFD_US
#TME_cl,lots,5,1,CFD_US
#FTI_cl,lots,5,1,CFD_US
#ABT_cl,lots,5,1,CFD_US
#BA_cl,lots,5,1,CFD_US
#OXY_cl,lots,5,1,CFD_US
#SLB_cl,lots,5,1,CFD_US
#AXP_cl,lots,5,1,CFD_US
#BABA_cl,lots,5,1,CFD_US
#BAC_cl,lots,5,1,CFD_US
#CAT_cl,lots,5,1,CFD_US
#CL_cl,lots,5,1,CFD_US
#DIS_cl,lots,5,1,CFD_US
#F_cl,lots,5,1,CFD_US
#GD_cl,lots,5,1,CFD_US
#GE_cl,lots,5,1,CFD_US
#HD_cl,lots,5,1,CFD_US
#HPQ_cl,lots,5,1,CFD_US
#IBM_cl,lots,5,1,CFD_US
#JNJ_cl,lots,5,1,CFD_US
#JPM_cl,lots,5,1,CFD_US
#KO_cl,lots,5,1,CFD_US
#LMT_cl,lots,5,1,CFD_US
#MA_cl,lots,5,1,CFD_US
#MCD_cl,lots,5,1,CFD_US
#MMM_cl,lots,5,1,CFD_US
#MO_cl,lots,5,1,CFD_US
#NIKE_cl,lots,5,1,CFD_US
#PANW_cl,lots,5,1,CFD_US
#DVN_cl,lots,5,1,CFD_US
#PFE_cl,lots,5,1,CFD_US
#PG_cl,lots,5,1,CFD_US
#PM_cl,lots,5,1,CFD_US
#SNOW_cl,lots,5,1,CFD_US
#T_cl,lots,5,1,CFD_US
#TOT_cl,lots,5,1,CFD_US
#V_cl,lots,5,1,CFD_US
#VZ_cl,lots,5,1,CFD_US
#WMT_cl,lots,5,1,CFD_US
#XOM_cl,lots,5,1,CFD_US
#RTX_cl,lots,5,1,CFD_US
#C_cl,lots,5,1,CFD_US
#SQ_cl,lots,5,1,TMP
#CLX_cl,lots,5,1,CFD_US
#NIO_cl,lots,5,1,CFD_US
#ABBV_cl,lots,5,1,CFD_US
AAVUSD_cl,lots,5,10,Cryptocurrencies
ADAUSD_cl,lots,5,10000,Cryptocurrencies
ALGUSD_cl,lots,5,10000,Cryptocurrencies
ALIUSD_cl,lots,5,100,Cryptocurrencies
ALPUSD_cl,lots,5,10000,Cryptocurrencies
ATOUSD_cl,lots,5,100,Cryptocurrencies
AVXUSD_cl,lots,5,100,Cryptocurrencies
AXSUSD_cl,lots,5,100,Cryptocurrencies
BCHUSD_cl,lots,5,10,Cryptocurrencies
BNBUSD_cl,lots,5,100,Cryptocurrencies
BTCUSD_cl,lots,5,1,Cryptocurrencies
CHZUSD_cl,lots,5,10000,Cryptocurrencies
COMUSD_cl,lots,5,10,Cryptocurrencies
DGEUSD_cl,lots,5,10000,Cryptocurrencies
DOTUSD_cl,lots,5,100,Cryptocurrencies
DSHUSD_cl,lots,5,10,Cryptocurrencies
ENJUSD_cl,lots,5,1000,Cryptocurrencies
EOSUSD_cl,lots,5,1000,TMP
ETHBTC_cl,lots,5,1,Cryptocurrencies
ETHUSD_cl,lots,5,1,Cryptocurrencies
FILUSD_cl,lots,5,100,Cryptocurrencies
ICPUSD_cl,lots,5,100,Cryptocurrencies
KAVUSD_cl,lots,5,1000,Cryptocurrencies
LNKUSD_cl,lots,5,100,Cryptocurrencies
LTCBTC_cl,lots,5,100,Cryptocurrencies
LTCUSD_cl,lots,5,100,Cryptocurrencies
MKRUSD_cl,lots,5,1,TMP
MNAUSD_cl,lots,5,10000,Cryptocurrencies
MSKUSD_cl,lots,5,1000,Cryptocurrencies
NEAUSD_cl,lots,5,1000,Cryptocurrencies
NEOUSD_cl,lots,5,100,Cryptocurrencies
OMGUSD_cl,lots,5,1000,TMP
QTMUSD_cl,lots,5,1000,Cryptocurrencies
REFUSD_cl,lots,5,1000000,TMP
SNDUSD_cl,lots,5,10000,Cryptocurrencies
SOLUSD_cl,lots,5,100,Cryptocurrencies
STRUSD_cl,lots,5,10000,Cryptocurrencies
STXUSD_cl,lots,5,1000,Cryptocurrencies
THTUSD_cl,lots,5,1000,Cryptocurrencies
TRXUSD_cl,lots,5,10000,Cryptocurrencies
UNIUSD_cl,lots,5,100,Cryptocurrencies
VETUSD_cl,lots,5,100000,Cryptocurrencies
WAVUSD_cl,lots,5,100,TMP
XLMUSD_cl,lots,5,10000,Cryptocurrencies
XMRBTC_cl,lots,5,100,TMP
XMRUSD_cl,lots,5,100,TMP
XRPUSD_cl,lots,5,10000,Cryptocurrencies
XTZUSD_cl,lots,5,1000,Cryptocurrencies
YFIUSD_cl,lots,5,1,Cryptocurrencies
YGGUSD_cl,lots,5,1000,Cryptocurrencies
ZECBTC_cl,lots,5,100,Cryptocurrencies
ZECUSD_cl,lots,5,10,Cryptocurrencies
ZILUSD_cl,lots,5,10000,Cryptocurrencies
COCOA_cl,lots,5,1,Agriculture
COFFEE_cl,lots,5,10,Agriculture
CORN_cl,lots,5,4,Agriculture
SOYBEAN_cl,lots,5,4,Agriculture
WHEAT_cl,lots,5,4,Agriculture
NZDUSD_o,lots,5,100000,Forex
EURUSD_o,lots,5,100000,Forex
AUDUSD_o,lots,5,100000,Forex
GBPUSD_o,lots,5,100000,Forex
USDCAD_o,lots,5,100000,Forex
USDCHF_o,lots,5,100000,Forex
USDJPY_o,lots,5,100000,Forex
AUDCAD_o,lots,5,100000,Forex
AUDCHF_o,lots,5,100000,Forex
AUDJPY_o,lots,5,100000,Forex
AUDNZD_o,lots,5,100000,Forex
CADCHF_o,lots,5,100000,Forex
CADJPY_o,lots,5,100000,Forex
CHFJPY_o,lots,5,100000,Forex
EURAUD_o,lots,5,100000,Forex
EURCAD_o,lots,5,100000,Forex
EURCHF_o,lots,5,100000,Forex
EURGBP_o,lots,5,100000,Forex
EURJPY_o,lots,5,100000,Forex
EURNZD_o,lots,5,100000,Forex
GBPAUD_o,lots,5,100000,Forex
GBPCAD_o,lots,5,100000,Forex
GBPCHF_o,lots,5,100000,Forex
GBPJPY_o,lots,5,100000,Forex
GBPNZD_o,lots,5,100000,Forex
NZDCAD_o,lots,5,100000,Forex
NZDCHF_o,lots,5,100000,Forex
NZDJPY_o,lots,5,100000,Forex
NQ100,lots,5,10,Indices
USCRUDE_z,lots,5,1000,Energy
UKBRENT_z,lots,5,1000,Energy
XAGUSD_o,lots,3,5000,Metals
XAUUSD_o,lots,3,100,Metals
XPDUSD_o,lots,3,100,Metals
XAUEUR_o,lots,3,100,Metals
XPTUSD_o,lots,3,50,Metals
XNGUSD_o,lots,1,10000,Energy
USDX,lots,5,100,Indices
SING,lots,5,10,Indices
SING_cl,lots,5,10,Indices
USDX_cl,lots,5,100,Indices
NQ_y,lots,5,20,Indices
HK50_y,lots,5,50,Indices
YM_y,lots,5,5,Indices
FDAX_y,lots,5,25,Indices
SPX_y,lots,5,50,Indices
UKBRENT_y,lots,5,1000,Energy
USCRUDE_y,lots,5,1000,Energy
APTUSD,lots,5,100,Cryptocurrencies
RNDRUSD,lots,5,100,TMP
HBARUSD,lots,5,100,Cryptocurrencies
ARBUSD,lots,5,100,Cryptocurrencies
INJUSD,lots,5,100,Cryptocurrencies
IMXUSD,lots,5,100,Cryptocurrencies
WIFUSD,lots,5,100,Cryptocurrencies
SUIUSD,lots,5,100,Cryptocurrencies
GRTUSD,lots,5,100,Cryptocurrencies
TAOUSD,lots,5,100,Cryptocurrencies
OPUSD,lots,5,100,Cryptocurrencies
ARUSD,lots,5,100,Cryptocurrencies
FTMUSD,lots,5,100,TMP
NOTUSD,lots,5,100,Cryptocurrencies
JASMYUSD,lots,5,100,Cryptocurrencies
#OIS,lots,5,1,TMP
#LAC,lots,5,1,CFD_US
#CRM,lots,5,1,CFD_US
#VFC,lots,5,1,CFD_US
#CMA,lots,5,1,CFD_US
#TSM,lots,5,1,CFD_US
#GS,lots,5,1,CFD_US
#GFI,lots,5,1,CFD_US
#WBA,lots,5,1,TMP
#ZTO,lots,5,1,CFD_US
#TGT,lots,5,1,CFD_US
#LUMN,lots,5,1,CFD_US
#DELL,lots,5,1,CFD_US
#BLK,lots,5,1,CFD_US
#CNC,lots,5,1,CFD_US
#WM,lots,5,1,CFD_US
#NVAX,lots,5,1,CFD_US
#JD,lots,5,1,CFD_US
#BYND,lots,5,1,CFD_US
#RIOT,lots,5,1,CFD_US
#IQ,lots,5,1,CFD_US
#AAL,lots,5,1,CFD_US
#LI,lots,5,1,CFD_US
#CME,lots,5,1,CFD_US
#EA,lots,5,1,CFD_US
#INTU,lots,5,1,CFD_US
#ADBE,lots,5,1,CFD_US
#WB,lots,5,1,CFD_US
#BIDU,lots,5,1,CFD_US
#CVAC,lots,5,1,CFD_US
#ROST,lots,5,1,CFD_US
#AMAT,lots,5,1,CFD_US
POLUSD,lots,5,1000,Cryptocurrencies
RENDERUSD,lots,5,100,Cryptocurrencies
TONUSD,lots,5,1000,Cryptocurrencies
POLUSD_cl,lots,5,1000,TMP
AUDCAD_q,lots,5,100000,Forex
AUDCHF_q,lots,5,100000,Forex
AUDJPY_q,lots,5,100000,Forex
AUDNZD_q,lots,5,100000,Forex
AUDUSD_q,lots,5,100000,Forex
CADCHF_q,lots,5,100000,Forex
CADJPY_q,lots,5,100000,Forex
CHFJPY_q,lots,5,100000,Forex
EURAUD_q,lots,5,100000,Forex
EURCAD_q,lots,5,100000,Forex
EURCHF_q,lots,5,100000,Forex
EURGBP_q,lots,5,100000,Forex
EURJPY_q,lots,5,100000,Forex
EURNZD_q,lots,5,100000,Forex
EURUSD_q,lots,5,100000,Forex
GBPAUD_q,lots,5,100000,Forex
GBPCAD_q,lots,5,100000,Forex
GBPCHF_q,lots,5,100000,Forex
GBPJPY_q,lots,5,100000,Forex
GBPNZD_q,lots,5,100000,Forex
GBPUSD_q,lots,5,100000,Forex
NZDCAD_q,lots,5,100000,Forex
NZDCHF_q,lots,5,100000,Forex
NZDJPY_q,lots,5,100000,Forex
NZDUSD_q,lots,5,100000,Forex
USDCAD_q,lots,5,100000,Forex
USDCHF_q,lots,5,100000,Forex
USDJPY_q,lots,5,100000,Forex
XAGUSD_qa,lots,3,5000,Metals
XAUUSD_qa,lots,3,100,Metals
USDHKD_k,lots,5,100000,Forex
#175,lots,5,10,CFD_HK
#1211,lots,5,10,CFD_HK
#1810,lots,5,10,CFD_HK
#992,lots,5,10,CFD_HK
#1211_cl,lots,5,10,CFD_HK
#175_cl,lots,5,10,CFD_HK
#1810_cl,lots,5,10,CFD_HK
#992_cl,lots,5,10,CFD_HK
OJ,lots,5,4,Agriculture
OJ_cl,lots,5,4,Agriculture
XNIUSD,lots,3,10,Metals
XNIUSD_cl,lots,3,10,Metals
XCUUSD,lots,3,10,Metals
XCUUSD_cl,lots,3,10,Metals
RUT,lots,5,10,Indices
RUT_cl,lots,5,10,Indices
SUSD,lots,5,100,Cryptocurrencies
SUSD_cl,lots,5,100,Cryptocurrencies
TRUMPUSD,lots,5,100,TMP
TRUMPUSD_cl,lots,5,100,TMP
XAUEUR_qa,lots,3,100,Metals
APTUSD_cl,lots,5,100,Cryptocurrencies
HBARUSD_cl,lots,5,100,Cryptocurrencies
ARBUSD_cl,lots,5,100,Cryptocurrencies
INJUSD_cl,lots,5,100,Cryptocurrencies
IMXUSD_cl,lots,5,100,Cryptocurrencies
WIFUSD_cl,lots,5,100,Cryptocurrencies
SUIUSD_cl,lots,5,100,Cryptocurrencies
GRTUSD_cl,lots,5,100,Cryptocurrencies
TAOUSD_cl,lots,5,100,Cryptocurrencies
OPUSD_cl,lots,5,100,Cryptocurrencies
#OIS_cl,lots,5,1,TMP
#LAC_cl,lots,5,1,CFD_US
#CRM_cl,lots,5,1,CFD_US
#VFC_cl,lots,5,1,CFD_US
#CMA_cl,lots,5,1,CFD_US
#TSM_cl,lots,5,1,CFD_US
#GS_cl,lots,5,1,CFD_US
#GFI_cl,lots,5,1,CFD_US
#WBA_cl,lots,5,1,TMP
ARUSD_cl,lots,5,100,Cryptocurrencies
#ZTO_cl,lots,5,1,CFD_US
#TGT_cl,lots,5,1,CFD_US
#LUMN_cl,lots,5,1,CFD_US
#DELL_cl,lots,5,1,CFD_US
#BLK_cl,lots,5,1,CFD_US
#CNC_cl,lots,5,1,CFD_US
#WM_cl,lots,5,1,CFD_US
NOTUSD_cl,lots,5,100,Cryptocurrencies
#NVAX_cl,lots,5,1,CFD_US
#JD_cl,lots,5,1,CFD_US
JASMYUSD_cl,lots,5,100,Cryptocurrencies
#BYND_cl,lots,5,1,CFD_US
#RIOT_cl,lots,5,1,CFD_US
#IQ_cl,lots,5,1,CFD_US
#AAL_cl,lots,5,1,CFD_US
RENDERUSD_cl,lots,5,100,Cryptocurrencies
#LI_cl,lots,5,1,CFD_US
#CME_cl,lots,5,1,CFD_US
#EA_cl,lots,5,1,CFD_US
TONUSD_cl,lots,5,1000,Cryptocurrencies
#INTU_cl,lots,5,1,CFD_US
#ADBE_cl,lots,5,1,CFD_US
#WB_cl,lots,5,1,CFD_US
#BIDU_cl,lots,5,1,CFD_US
#CVAC_cl,lots,5,1,CFD_US
#ROST_cl,lots,5,1,CFD_US
#AMAT_cl,lots,5,1,CFD_US
#XYZ,lots,5,1,CFD_US
#XYZ_cl,lots,5,1,CFD_US
#DKNG,lots,5,1,CFD_US
#DKNG_cl,lots,5,1,CFD_US
#PLUG,lots,5,1,CFD_US
#PLUG_cl,lots,5,1,CFD_US
AUSD,lots,5,1000,Cryptocurrencies
AUSD_cl,lots,5,1000,Cryptocurrencies
DSHUSD_cll,lots,5,10,TMP
#LLY,lots,5,1,CFD_US
#LLY_cl,lots,5,1,CFD_US
#COST,lots,5,1,CFD_US
#COST_cl,lots,5,1,CFD_US
#RIVN,lots,5,1,CFD_US
#RIVN_cl,lots,5,1,CFD_US
SKYUSD,lots,5,10000,Cryptocurrencies
SKYUSD_cl,lots,5,10000,Cryptocurrencies
